Tweet permalink,Tweet text,time,impressions,engagements,engagement rate,retweets,replies,likes,user profile clicks,url clicks,hashtag clicks,detail expands,permalink clicks,follows,media views,media engagements,email tweet,dial phone,app opens,app installs,FB Import
https://twitter.com/UFHSCL/status/761293904121438209,What happens when an atypical HIV patient discusses her life and approaching death with her own playwright? A... http://fb.me/Qa86og3k ,8/4/2016,512,0,0.00%,0,0,0,0,0,0,0,0,0,0,0,0,0,0,0,Y
https://twitter.com/UFHSCL/status/786614953805578240,45 years of online access to the biomedical literature index. Before Medline there was Index Medicus in print.... http://fb.me/5Jysa8U3p ,10/13/2016,386,2,0.50%,0,0,0,0,0,0,2,0,0,0,0,0,0,0,0,Y
https://twitter.com/UFHSCL/status/793435154039595008,"Talk title: Development of the Antiretroviral Treatment for HIV/AIDS Who: Lawrence Deyton, MD, MSPH,... http://fb.me/1y44uBlvm",11/1/2016,367,1,0.30%,0,0,0,0,0,0,1,0,0,0,0,0,0,0,0,Y
https://twitter.com/UFHSCL/status/798575619172929540,http://fb.me/OH0tfkOT,11/15/2016,339,2,0.60%,0,0,0,0,0,0,2,0,0,0,0,0,0,0,0,Y
https://twitter.com/UFHSCL/status/799716108416651265,"After a successful trial period with 24/5 access, we are now able to offer 24/7 access on the second floor to... http://fb.me/5cOa2u6VK ",11/18/2016,412,9,2.20%,1,0,2,1,1,0,4,0,0,0,0,0,0,0,0,Y
https://twitter.com/UFHSCL/status/800724287636307968,"The UF Open Access Publishing Fund will resume January 1, 2017. See http://cms.uflib.ufl.edu/scholcomm/UFOAPF … for... http://fb.me/Wv4uXHIn ",11/21/2016,370,2,0.50%,0,0,0,0,0,0,2,0,0,0,0,0,0,0,0,Y
https://twitter.com/UFHSCL/status/800724424609513473,"The UF Open Access Publishing Fund will resume January 1, 2017. See http://cms.uflib.ufl.edu/scholcomm/UFOAPF … for... http://fb.me/7SBFQ7Vi3 ",11/21/2016,376,2,0.50%,0,0,0,0,0,0,2,0,0,0,0,0,0,0,0,Y
https://twitter.com/UFHSCL/status/804357669272358912,"Today, December 1st, marks World AIDS day and is an opportunity for people worldwide to unite in the fight... http://fb.me/1hmVUSxoM ",12/1/2016,358,2,0.60%,0,0,1,0,0,0,1,0,0,0,0,0,0,0,0,Y
https://twitter.com/UFHSCL/status/808398286835027968,http://fb.me/2Db9MMsf5 ,12/12/2016,377,3,0.80%,0,0,1,0,0,0,2,0,0,0,0,0,0,0,0,Y
https://twitter.com/UFHSCL/status/822992972908265472,http://fb.me/GyGoNDsb,1/22/2017,314,2,0.60%,0,0,0,0,0,0,2,0,0,0,0,0,0,0,0,Y
https://twitter.com/UFHSCL/status/824372044888424457,http://fb.me/tOZlUZa4 ,1/25/2017,307,2,0.70%,0,0,0,0,0,0,2,0,0,0,0,0,0,0,0,Y
https://twitter.com/UFHSCL/status/826812894490849280,This news item from the APhA talks about a study published in JAPhA: Journal of the American Pharmacist... http://fb.me/1Z9pCGJ5B ,2/1/2017,313,1,0.30%,0,0,0,0,0,0,1,0,0,0,0,0,0,0,0,Y
https://twitter.com/UFHSCL/status/831326233136918528,http://fb.me/1bXXlAKyq ,2/14/2017,285,3,1.10%,0,0,1,0,0,0,2,0,0,0,0,0,0,0,0,Y
https://twitter.com/UFHSCL/status/831535154564837377,"Check out this resource from the National Institute on Drug Abuse: ""This easy-to-read website talks about drug... http://fb.me/1kCvSTKTj ",2/14/2017,276,1,0.40%,0,0,0,0,0,0,1,0,0,0,0,0,0,0,0,Y
https://twitter.com/UFHSCL/status/836266080419135489,http://fb.me/OnG9F6rk,2/27/2017,273,5,1.80%,0,0,0,0,1,0,4,0,0,0,0,0,0,0,0,Y
https://twitter.com/UFHSCL/status/836346021676380161,http://fb.me/ATxT1oPi ,2/27/2017,281,4,1.40%,0,0,0,0,0,0,4,0,0,0,0,0,0,0,0,Y
https://twitter.com/UFHSCL/status/836692096081936387,http://fb.me/4IoQvbQYf ,2/28/2017,297,3,1.00%,0,0,0,0,1,0,2,0,0,0,0,0,0,0,0,Y
https://twitter.com/UFHSCL/status/844649573851246595,How can the library support wellness in the Health Science Center? Let us know your thoughts through this survey: http://bit.ly/2mVrKGx  pic.twitter.com/BI0pJL12LF,3/22/2017,279,2,0.70%,0,0,0,0,0,0,2,0,0,0,0,0,0,0,0,N
https://twitter.com/UFHSCL/status/845338773399449603,"The HSC Library is celebrating #352Creates with coloring, haikus, origami, and puzzles - take a break and check out some of our crafts! pic.twitter.com/GU9blPZ4le",3/24/2017,1436,23,1.60%,2,0,4,0,2,0,2,0,0,0,13,0,0,0,0,N
https://twitter.com/UFHSCL/status/845338856195018753,"The HSC Library is celebrating #352Creates with coloring, haikus, origami, and puzzles - take a break and check out some of our crafts!",3/24/2017,304,5,1.60%,0,0,1,0,0,0,4,0,0,0,0,0,0,0,0,N
https://twitter.com/UFHSCL/status/848983865276456961,http://fb.me/8neKqI9ES ,4/3/2017,240,2,0.80%,0,0,0,0,0,0,2,0,0,0,0,0,0,0,0,Y
https://twitter.com/UFHSCL/status/848985097944563723,FDA alerts consumers of nationwide voluntary recall of EpiPen and EpiPen Jr http://fb.me/8M0SMoeEa ,4/3/2017,247,3,1.20%,0,0,0,0,1,0,2,0,0,0,0,0,0,0,0,Y
https://twitter.com/UFHSCL/status/851273725320192004,http://fb.me/BCEdg5ne ,4/10/2017,232,4,1.70%,0,0,0,0,0,0,4,0,0,0,0,0,0,0,0,Y
https://twitter.com/UFHSCL/status/860236568719749121,http://fb.me/1lf8nEBS6 ,5/4/2017,206,5,2.40%,0,0,1,0,1,0,3,0,0,0,0,0,0,0,0,Y
https://twitter.com/UFHSCL/status/860531505298386945,Check out this collaborative art event at the Criser Cancer Resource Center! http://fb.me/5kGwJaBtw ,5/5/2017,215,4,1.90%,0,0,0,2,0,0,2,0,0,0,0,0,0,0,0,Y
https://twitter.com/UFHSCL/status/860609181161795585,http://fb.me/8A9oCMh9b ,5/5/2017,227,2,0.90%,0,0,0,0,0,0,2,0,0,0,0,0,0,0,0,Y
https://twitter.com/UFHSCL/status/862696962574995456,https://t.co/iBm0SoKICN,5/11/2017,241,3,1.20%,0,0,0,0,1,0,2,0,0,0,0,0,0,0,0,N
https://twitter.com/UFHSCL/status/864962074727919621,Calling all artists & health promoters: HSCL is hosting an HIV/AIDS-themed graphic novel contest this summer! https://goo.gl/fQ2km5 ,5/17/2017,358,3,0.80%,2,0,0,0,1,0,0,0,0,0,0,0,0,0,0,N
https://twitter.com/UFHSCL/status/865945214002712577,Make a difference in your community! Sign up for our HIV/AIDS-themed graphic novel contest this summer! https://goo.gl/fQ2km5  pic.twitter.com/VZIwaR006N,5/20/2017,280,0,0.00%,0,0,0,0,0,0,0,0,0,0,0,0,0,0,0,N
https://twitter.com/UFHSCL/status/866632240331194368,Promote healthy choices & share your story: sign up for our HIV/AIDS-themed graphic novel contest! https://goo.gl/fQ2km5  pic.twitter.com/ePGEegsdPS,5/22/2017,326,1,0.30%,0,0,0,0,0,0,1,0,0,0,0,0,0,0,0,N
https://twitter.com/UFHSCL/status/867016345476624384,Health Care? Daughters Know All About It https://nyti.ms/2pC0MEl ,5/23/2017,306,0,0.00%,0,0,0,0,0,0,0,0,0,0,0,0,0,0,0,N
https://twitter.com/UFHSCL/status/871748317906161664,Looking to escape the heat? Chill in the HSC Library and work on our latest puzzle!,6/5/2017,292,0,0.00%,0,0,0,0,0,0,0,0,0,0,0,0,0,0,0,N
https://twitter.com/UFHSCL/status/872921184664526849,"Come learn about how to use comics and arts to promote health at our free comic creation workshop with @comicsworkshop, 6/13 from 6-9pm! pic.twitter.com/jihOdhUjYZ",6/8/2017,823,10,1.20%,3,0,3,2,0,0,2,0,0,0,0,0,0,0,0,N
https://twitter.com/UFHSCL/status/874377785653039104,Learn how to use comics to promote healthy choices: come to our FREE @comicsworkshop event TOMORROW from 6-9pm! https://goo.gl/fQ2km5  pic.twitter.com/Rm0kAtmvNh,6/12/2017,374,1,0.30%,1,0,0,0,0,0,0,0,0,0,0,0,0,0,0,N
https://twitter.com/UFHSCL/status/874378937480208384,Remember: our FREE comic-creation workshop is TOMORROW from 6-9pm at the Sequential Artist Workshop on 710 SE 2nd... http://fb.me/1pd7Cy7MH ,6/12/2017,288,0,0.00%,0,0,0,0,0,0,0,0,0,0,0,0,0,0,0,Y
https://twitter.com/UFHSCL/status/875504722886709248,http://fb.me/sFBlLzvd ,6/16/2017,278,0,0.00%,0,0,0,0,0,0,0,0,0,0,0,0,0,0,0,Y
https://twitter.com/UFHSCL/status/875793526897901570,http://fb.me/GfLyLGWp ,6/16/2017,277,2,0.70%,0,0,0,0,0,0,2,0,0,0,0,0,0,0,0,Y
https://twitter.com/UFHSCL/status/875801255561580544,http://fb.me/BL5Ta8gm ,6/16/2017,278,9,3.20%,0,0,0,0,1,0,8,0,0,0,0,0,0,0,0,Y
https://twitter.com/UFHSCL/status/876837067464028160,Antibiotic Stewardship in Nursing Homes: How You Can Prevent Antibiotic ... https://youtu.be/qvr61rM8XMM  via @YouTube,6/19/2017,325,9,2.80%,0,0,1,0,0,0,8,0,0,0,0,0,0,0,0,N
https://twitter.com/UFHSCL/status/879716676400549890,http://fb.me/21PpWZd6j ,6/27/2017,290,10,3.40%,0,0,1,0,1,0,8,0,0,0,0,0,0,0,0,Y
https://twitter.com/UFHSCL/status/879780606539739136,http://fb.me/28fVW9xe4 ,6/27/2017,266,8,3.00%,0,0,0,0,0,0,8,0,0,0,0,0,0,0,0,Y
https://twitter.com/UFHSCL/status/881975816296566784,A good discussion of biases that can creep in to your #SR. Need help? Ask a librarian: https://goo.gl/8rGSi2 . http://blogs.plos.org/absolutely-maybe/2017/06/28/saturated-biases-where-the-aha-advice-on-coconut-oil-went-wrong/ …,7/3/2017,287,5,1.70%,0,0,1,0,0,0,4,0,0,0,0,0,0,0,0,N
https://twitter.com/UFHSCL/status/882705907431473153,http://fb.me/6lBr66JL8 ,7/5/2017,265,11,4.20%,0,0,0,0,1,0,10,0,0,0,0,0,0,0,0,Y
https://twitter.com/UFHSCL/status/884404037055074306,We'll be starting renovations in our second floor conference rooms and an adjacent area soon. For more... http://fb.me/1sf5M2JsK ,7/10/2017,320,5,1.60%,0,0,1,0,0,0,4,0,0,0,0,0,0,0,0,Y
https://twitter.com/UFHSCL/status/889858085094903808,A puzzling puzzle- we finished the Frog puzzle... but one piece was missing. Was it missing from the start or... http://fb.me/aG6zgA4zY ,7/25/2017,226,12,5.30%,0,0,0,0,2,0,10,0,0,0,0,0,0,0,0,Y
https://twitter.com/UFHSCL/status/890327041286914048,http://fb.me/1fT2MIhJA ,7/26/2017,218,11,5.00%,0,0,0,0,1,0,10,0,0,0,0,0,0,0,0,Y
https://twitter.com/UFHSCL/status/897548266056712192,DEADLINE EXTENDED TO 9/5: Become a published graphic novel artist & raise awareness about HIV/AIDS info resources by entering our contest! pic.twitter.com/GhoiihyF0M,8/15/2017,292,6,2.10%,0,1,0,0,0,0,5,0,0,0,0,0,0,0,0,N
https://twitter.com/UFHSCL/status/897937262838595584,Don't ruin the first day of school by hurting your eyes! Stay safe on #Eclipse2017 by using appropriate eye protection. pic.twitter.com/ESJwj1PXaf,8/16/2017,853,47,5.50%,2,0,4,1,4,0,5,0,0,0,31,0,0,0,0,N
https://twitter.com/UFHSCL/status/899760437872533508,"HSC librarian demonstrates how to use a pinhole camera- and it actually works... and with two piecesof card, or with leaves...",8/21/2017,172,1,0.60%,0,0,0,0,0,0,1,0,0,0,0,0,0,0,0,N
https://twitter.com/UFHSCL/status/902168994186231809,http://fb.me/76cVLjWA3 ,8/28/2017,169,1,0.60%,0,0,1,0,0,0,0,0,0,0,0,0,0,0,0,Y
https://twitter.com/UFHSCL/status/902169097726812160,http://fb.me/w7WMmpt2 ,8/28/2017,181,4,2.20%,0,0,1,0,3,0,0,0,0,0,0,0,0,0,0,Y
https://twitter.com/UFHSCL/status/902280382611148800,Pulling an all-nighter? Registered HSC students have 24 hr access to our 2nd floor. Apply @ Info Desk. Learn more: http://library.health.ufl.edu/about-us/library-user-policies/24hr-study-space/ … pic.twitter.com/Hi1rfMcQR9,8/28/2017,462,11,2.40%,1,0,1,5,2,0,0,0,0,0,2,0,0,0,0,N
https://twitter.com/UFHSCL/status/902885114018922496,"First week frenzy? We've got you covered. Check out iPads, headphones, iPhone chargers, USBs, & HDMI cables @ HSCL! http://library.health.ufl.edu/services/circulation/ipad-checkout/ … pic.twitter.com/WQaFhHxXk5",8/30/2017,328,4,1.20%,1,0,1,0,0,0,0,0,0,0,2,0,0,0,0,N
https://twitter.com/UFHSCL/status/903655187914514432,"Enjoy your Labor Day Weekend! HSC Library will be open 8-5 on Saturday & Monday, but will be closed Sunday, including 24/7 access. pic.twitter.com/QNT3behC5W",9/1/2017,232,1,0.40%,0,0,1,0,0,0,0,0,0,0,0,0,0,0,0,N
https://twitter.com/UFHSCL/status/903736473366683649,Don't let #Rainesville catch you off guard! Use @uflib resources to #PlanAhead for hurricanes and other disasters. http://guides.uflib.ufl.edu/public_health/emergencies … pic.twitter.com/p2mZmcekK4,9/1/2017,392,5,1.30%,1,0,1,1,1,0,0,0,0,0,1,0,0,0,0,N
https://twitter.com/UFHSCL/status/904791439191756800,"Did you know that after a disaster, libraries often serve as safe refuges, providing information and resources to... http://fb.me/42dsInjmm ",9/4/2017,238,2,0.80%,0,0,1,0,0,0,1,0,0,0,0,0,0,0,0,Y
https://twitter.com/UFHSCL/status/904839239518478337,You don't have to be a doc to help when emergencies happen. Learn how to Be the Help Until Help Arrives: https://community.fema.gov/until-help-arrives … #NatlPrep,9/4/2017,238,3,1.30%,0,0,2,0,1,0,0,0,0,0,0,0,0,0,0,N
https://twitter.com/UFHSCL/status/906570441871020032,"HURRICANE IRMA CLOSURE: The HSC Library will be closed Friday through *Tuesday*, along with the rest of campus.... http://fb.me/6aHZSt4Wt ",9/9/2017,260,8,3.10%,0,0,0,2,1,0,5,0,0,0,0,0,0,0,0,Y
https://twitter.com/UFHSCL/status/907238327891451905,"What's in your disaster supply kit? It doesn't have to be just food, water, and first aid equipment. Books,... http://fb.me/xcHM56Xo ",9/11/2017,179,0,0.00%,0,0,0,0,0,0,0,0,0,0,0,0,0,0,0,Y
https://twitter.com/UFHSCL/status/907286365909409792,Did you include meds in your disaster supply kit? Talk to your doc about how to have enough of your prescription in an emergency. #NatlPrep pic.twitter.com/Aerp4if0Wb,9/11/2017,220,1,0.50%,0,0,0,0,0,0,0,0,0,0,1,0,0,0,0,N
https://twitter.com/UFHSCL/status/908065141031411713,HSC Library users! Be aware that travel to north Gainesville may be impacted by bridge closures this afternoon: http://fb.me/1fxlSIWVA ,9/13/2017,232,0,0.00%,0,0,0,0,0,0,0,0,0,0,0,0,0,0,0,Y
https://twitter.com/UFHSCL/status/909776285353865222,"Today is National HIV/AIDS and Aging Awareness Day, led by The AIDS Institute. HIV infection is not just a risk... http://fb.me/MJZdB6Tw ",9/18/2017,526,2,0.40%,1,0,1,0,0,0,0,0,0,0,0,0,0,0,0,Y
https://twitter.com/UFHSCL/status/909869386072313856,HIV is not just a young person’s disease. Learn about HIV over 50 thru this video we made w/@UFShandsAIM. #NHAAA https://youtu.be/ouCIzBpGe14 ,9/18/2017,578,2,0.30%,1,0,1,0,0,0,0,0,0,0,0,0,0,0,0,N
https://twitter.com/UFHSCL/status/911213746609115141,Celebrate Falls Prevention Awareness by downloading this @EDISPubs handout on ways to reduce your risk of falling. http://edis.ifas.ufl.edu/pdffiles/FY/FY62900.pdf …,9/22/2017,221,1,0.50%,0,0,1,0,0,0,0,0,0,0,0,0,0,0,0,N
https://twitter.com/UFHSCL/status/911271645767139329,"Today is Falls Prevention Awareness Day, and the National Council on Aging has created many educational resources... http://fb.me/1pzmSwsb1 ",9/22/2017,306,1,0.30%,0,0,1,0,0,0,0,0,0,0,0,0,0,0,0,Y
https://twitter.com/UFHSCL/status/912301411064463360,Comics allow you to peruse the world more visually than a novel would and more leisurely than a film could -Scott Bukatman #NatlComicBookDay pic.twitter.com/7lhoWaWaFM,9/25/2017,643,2,0.30%,1,0,1,0,0,0,0,0,0,0,0,0,0,0,0,N
https://twitter.com/UFHSCL/status/912312259816427520,Have you packed your digital disaster supply kit? It's important to be able to access the information you need... http://fb.me/10X8mLQNz ,9/25/2017,330,2,0.60%,0,0,2,0,0,0,0,,0,0,0,0,0,0,0,Y
https://twitter.com/UFHSCL/status/912450643704504321,"As #NatlPrep month ends, make sure to stay in the know by following @UFPublicSafety, @UFWeather, and @FloridaStorms to get the latest info!",9/25/2017,1619,11,0.70%,2,0,3,2,0,1,3,0,0,0,0,0,0,0,0,Y
https://twitter.com/UFHSCL/status/914844166320001024,Happy National Medical Librarians Month! #medlibs are a crucial part of quality care: check out what these studies have to say. #NMLM pic.twitter.com/HdtdQI1t04,10/2/2017,966,7,0.70%,2,0,3,0,1,1,0,0,0,0,0,0,0,0,0,N
https://twitter.com/UFHSCL/status/915264853438337024,Check out how George A. Smathers Libraries is working to preserve Bob Campbell's work as a wildlife photographer... http://fb.me/NzEjcWsj ,10/3/2017,430,2,0.50%,1,0,0,0,1,0,0,0,0,0,0,0,0,0,0,Y
https://twitter.com/UFHSCL/status/917426434506940416,Your health (& the health of your patients) is too important to take risks with untrustworthy information. Let #medlibs help. #NMLM pic.twitter.com/RZe3eFjXHM,10/9/2017,933,12,1.30%,4,0,2,0,3,1,1,0,0,0,1,0,0,0,0,N
https://twitter.com/UFHSCL/status/917763980420091905,"Did you know? Breast cancer can occur in men. Over 2,000 men are diagnosed each year. Find out more:... http://fb.me/CHb04mrW ",10/10/2017,247,1,0.40%,0,0,1,0,0,0,0,0,0,0,0,0,0,0,0,Y
https://twitter.com/UFHSCL/status/918114631633252352,"If you need some canine affection to get you through the week, stop by and say hi! http://fb.me/8LaxbHbo1 ",10/11/2017,175,0,0.00%,0,0,0,0,0,0,0,0,0,0,0,0,0,0,0,Y
https://twitter.com/UFHSCL/status/918156261300080641,Would you recognize the signs of limited health literacy in your patient? Though health literacy often correlates... http://fb.me/1oslZVHb0 ,10/11/2017,200,0,0.00%,0,0,0,0,0,0,0,0,0,0,0,0,0,0,0,Y
https://twitter.com/UFHSCL/status/918240620413640705,"Check out the highlights from Beau and Mac's visit to the library today, and remember, they'll be returning for... http://fb.me/7N0Tk9EOY ",10/11/2017,204,2,1.00%,0,0,1,0,1,0,0,0,0,0,0,0,0,0,0,Y
https://twitter.com/UFHSCL/status/919244062749847552,"Don't worry, we have plenty more plans for puppers later this semester! In the meantime, enjoy these mementos of... http://fb.me/Ka1pL38y ",10/14/2017,250,4,1.60%,0,0,1,0,3,0,0,0,0,0,0,0,0,0,0,Y
https://twitter.com/UFHSCL/status/920008697685987328,Healthcare can be a maze. @sk your Medical Librarian for help navigating it! #NMLM #medlibs pic.twitter.com/cGxdxvlV40,10/16/2017,463,4,0.90%,0,0,0,0,0,1,3,0,0,0,0,0,0,0,0,N
https://twitter.com/UFHSCL/status/922455072180547585,"Combat ignorance with evidence, using your medical librarian. #medlibs #NMLM pic.twitter.com/6RixJxGXUh",10/23/2017,662,5,0.80%,0,0,1,0,3,1,0,0,0,0,0,0,0,0,0,N
https://twitter.com/UFHSCL/status/922632386705350656,http://fb.me/3dzCOFgAy ,10/24/2017,208,4,1.90%,0,0,1,0,3,0,0,0,0,0,0,0,0,0,0,Y
https://twitter.com/UFHSCL/status/924992536678141952,"Did you know your #medlibs are experts in more than just PubMed? Ask us about instruction, research, or evidence-based practice! #NMLM pic.twitter.com/DaqNyZiweJ",10/30/2017,684,9,1.30%,0,0,2,1,2,0,3,0,0,0,1,0,0,0,0,Y
https://twitter.com/UFHSCL/status/925069862417977345,"Rather than worry about disappearing digital resources, why not support digital collections & archives like those @uflib? @UFLibraryWest https://twitter.com/xkcdComic/status/925029863345438720 …",10/30/2017,477,6,1.30%,2,0,4,0,0,0,0,0,0,0,0,0,0,0,0,N
https://twitter.com/UFHSCL/status/926486652876476416,Keep yourself and your partners safe and healthy – know your HIV status! There are lots of places you can get... http://fb.me/95yB6kIN7 ,11/3/2017,194,1,0.50%,0,0,1,0,0,0,0,0,0,0,0,0,0,0,0,Y
https://twitter.com/UFHSCL/status/927939473371009026,"Get to know the 3 types of HIV treatment (as illustrated by Kelena Klippel): ART, PrEP, and PEP! Antiretroviral... http://fb.me/2iALNmiav ",11/7/2017,411,4,1.00%,0,0,0,0,2,0,2,0,0,0,0,0,0,0,0,Y
https://twitter.com/UFHSCL/status/928620467258318848,"Have you fallen for an HIV myth? Knowledge is power: get the facts about HIV with this video, produced in... http://fb.me/1FIz6QoDk ",11/9/2017,236,1,0.40%,0,0,1,0,0,0,0,0,0,0,0,0,0,0,0,Y
https://twitter.com/UFHSCL/status/930083311757742082,"Happy World Kindness Day! Kindness goes a long way in patient care. 6 steps towards kindness in patient care: deep listening, empathy, acts of kindness beyond the expected, prompt care delivery, gentle honesty, & support of family caregivers (JOP, 2017: ncbi.nlm.nih.gov/pubmed/29035616). pic.twitter.com/LFWim55Nq3",11/13/2017,253,0,0.00%,0,0,0,0,0,0,0,0,0,0,0,0,0,0,0,N
https://twitter.com/UFHSCL/status/930466911770554370,"Everyone’s experience with HIV/AIDS is different – we all have our own HIV Story to tell. By sharing our stories,... http://fb.me/FBVt1j3U ",11/14/2017,264,0,0.00%,0,0,0,0,0,0,0,0,0,0,0,0,0,0,0,Y
https://twitter.com/UFHSCL/status/931156836090372096,"Despite the fact that HIV can be found in people of all ages, races, genders, and sexual orientations, there is... http://fb.me/AQyctRxZ ",11/16/2017,324,3,0.90%,0,0,2,0,1,0,0,0,0,0,0,0,0,0,0,Y
https://twitter.com/UFHSCL/status/931570452534788097,"Learn how to STOP: plan ahead, talk with your partners, and use protection to prevent HIV through this spoken word... http://fb.me/Rc6vG0Os ",11/17/2017,300,1,0.30%,0,0,1,0,0,0,0,0,0,0,0,0,0,0,0,Y
https://twitter.com/UFHSCL/status/933022968095084545,"For those who might be exposed to HIV, taking PrEP on a regular basis can reduce the risk of infection. For those... http://fb.me/GOhDryb2 ",11/21/2017,293,1,0.30%,0,0,1,0,0,0,0,0,0,0,0,0,0,0,0,Y
https://twitter.com/UFHSCL/status/933446512176189440,Our friends at Rural Women's Health Project shared their stories with us about being HIV+ and the benefits of the... http://fb.me/QKApk5cM ,11/22/2017,287,2,0.70%,0,0,0,2,0,0,0,0,0,0,0,0,0,0,0,Y
https://twitter.com/UFHSCL/status/933676277856432129,"Even if you and people you know are not HIV positive, you can still do your part to stand up to stigma. Learning... http://fb.me/E4y641bJ ",11/23/2017,374,2,0.50%,0,0,2,0,0,0,0,0,0,0,0,0,0,0,0,Y
https://twitter.com/UFHSCL/status/933900494887628800,http://fb.me/3Euf5dc1z ,11/24/2017,292,0,0.00%,0,0,0,0,0,0,0,0,0,0,0,0,0,0,0,Y
https://twitter.com/UFHSCL/status/936000084457684993,"Supporting friends, family, or coworkers who are HIV positive is important. If someone you know tells you they... http://fb.me/Tur116ju ",11/29/2017,567,5,0.90%,1,0,1,2,1,0,0,0,0,0,0,0,0,0,0,Y
https://twitter.com/UFHSCL/status/936228382660022272,Education and regular testing are key parts of prevention. Learn more about how we can stop HIV together here:... http://fb.me/BOPNN7is ,11/30/2017,293,0,0.00%,0,0,0,0,0,0,0,0,0,0,0,0,0,0,0,Y
https://twitter.com/UFHSCL/status/936580660352966657,Don’t forget! Tonight all of our HIV/AIDS Graphic Novel Contest entries will be beautifully displayed at... http://fb.me/GwYL9ePf ,12/1/2017,337,3,0.90%,0,0,1,2,0,0,0,0,0,0,0,0,0,0,0,Y
https://twitter.com/UFHSCL/status/937845194803773440,http://fb.me/MTTxKoYt ,12/5/2017,291,0,0.00%,0,0,0,0,0,0,0,0,0,0,0,0,0,0,0,Y
https://twitter.com/UFHSCL/status/938096377371996160,The 12 Ways to Health Holiday Song https://youtu.be/hCebthk9b2A  via @YouTube,12/5/2017,310,0,0.00%,0,0,0,0,0,0,0,0,0,0,0,0,0,0,0,N
https://twitter.com/UFHSCL/status/938833135155974146,"Holiday Hours! In addition to the extended hours this Friday and Saturday, the HSC Library will have modified hours during Winter Break. If you are planning to stay in Gainesville, please review our hour changes to ensure you'll be able to take advantage of our holiday hours. pic.twitter.com/AX60jKcz5I",12/7/2017,408,3,0.70%,0,0,1,0,0,0,0,0,0,0,2,0,0,0,0,N
https://twitter.com/UFHSCL/status/948281310358974465,"And if you're on the south side of campus, the Health Science Center Library's got you covered from 7:30am-7pm Tuesday-Friday. https://twitter.com/UFLibraryWest/status/948224864489533440 ",1/2/2018,500,5,1.00%,0,0,4,0,0,0,1,0,0,0,0,0,0,0,0,N
https://twitter.com/UFHSCL/status/953706669455892482,https://fb.me/OpmOqbJZ ,1/17/2018,224,2,0.90%,0,0,0,0,2,0,0,0,0,0,0,0,0,0,0,Y
https://twitter.com/UFHSCL/status/954408775246667777,"DYK: The HSC Library offers free workshops! We have over 30 this semester to help @UF students, instructors, & researchers improve how they study, teach, & investigate. Spring schedule: http://library.health.ufl.edu/2018/01/16/library-classes/ … @uflib @UFNursing @UFMedicine @UFPharmacy @UFVetMed @UFLDentistry pic.twitter.com/zKnpVYt8Mp",1/19/2018,1742,22,1.30%,3,0,3,7,2,0,4,0,0,0,3,0,0,0,0,N
https://twitter.com/UFHSCL/status/956619244199907335,Conversations with our patients about their health can be emotional and sometimes contentious. Join us at... https://fb.me/3oU3vnGjn ,1/25/2018,211,0,0.00%,0,0,0,0,0,0,0,0,0,0,0,0,0,0,0,Y
https://twitter.com/UFHSCL/status/956675275558924288,"Happy Birthday, Virginia Woolf! To commemorate this powerful essayist, we recommend that you read her essay ""On Being Ill"", in which she explores the literary value of illness: http://www.woolfonline.com/?node=content/contextual/transcriptions&project=1&parent=56&taxa=45&content=6225&pos=13 ….",1/25/2018,259,1,0.40%,0,0,1,0,0,0,0,0,0,0,0,0,0,0,0,N
https://twitter.com/UFHSCL/status/956894401250422785,"In light of this year's aggressive flu season, UF Health is temporarily changing policies related to visitation... https://fb.me/P8QI0Taw ",1/26/2018,555,18,3.20%,1,0,2,2,11,0,2,0,0,0,0,0,0,0,0,Y
https://twitter.com/UFHSCL/status/958774866613858306,"Congratulations to @ArielPomputius and @meansell, two of our librarians, for their creative wellness programming proposal! Keep an eye out for exciting new wellness activities at the HSC Library in the coming months. https://twitter.com/yenscott/status/958164188270153728 …",1/31/2018,1289,19,1.50%,2,0,8,7,0,0,2,0,0,0,0,0,0,0,0,N
https://twitter.com/UFHSCL/status/959416866266546177,Today we #WearRed to raise awareness of women's heart health as part of #HeartMonth. Reduce your risk of heart disease using these women's heart health resources: MedlinePlus (NLM): https://medlineplus.gov/heartdiseaseinwomen.html … Image Caption: @UFGatorBand forms a heart (from UF Digital Collections) pic.twitter.com/pcAYzjb7M9,2/2/2018,2486,46,1.90%,4,0,9,1,2,0,5,0,0,0,25,0,0,0,0,N
https://twitter.com/UFHSCL/status/960544303822069760,The first week of February is African Heritage and Health Week! To learn more about how African culinary... https://fb.me/EEHPOxiB ,2/5/2018,228,2,0.90%,0,0,1,0,1,0,0,0,0,0,0,0,0,0,0,Y
https://twitter.com/UFHSCL/status/960864168499924992,"Tomorrow is National Black AIDS Day, and in observance of this day, the Office of Minority Health - U.S.... https://fb.me/FMTgmCW2 ",2/6/2018,606,3,0.50%,1,0,0,1,1,0,0,0,0,0,0,0,0,0,0,Y
https://twitter.com/UFHSCL/status/960989739838033923,We're so excited to have Ariel Pomputius and Maggie Ansell represent the George A. Smathers Libraries at ALA... https://fb.me/1RxvJghxh ,2/6/2018,618,8,1.30%,1,0,3,0,3,0,1,0,0,0,0,0,0,0,0,Y
https://twitter.com/UFHSCL/status/961290209517170689,"DYK? 1 in 110 babies is born with Congenital Heart Disease. As we celebrate CHD Awareness Week, we share the story of one family's experience of CHD at @UFHealth. #CHDAware #HeartMonth https://m.ufhealth.org/blog/how-artificial-heart-brought-bubbly-babys-smile-back …",2/7/2018,222,1,0.50%,0,0,1,0,0,0,0,0,0,0,0,0,0,0,0,Y
https://twitter.com/UFHSCL/status/961953346289627138,"Tomorrow is the beginning of the 5th annual I Love Local Food Week 2018, hosted by Working Food, a local... https://fb.me/W1Kma1p6 ",2/9/2018,245,2,0.80%,0,0,2,0,0,0,0,0,0,0,0,0,0,0,0,Y
https://twitter.com/UFHSCL/status/963876926367531008,"On this #ValentinesDay, #MoveWithHeart for #HeartMonth and #DonorDay with these tips from @nih_nhlbi https://youtu.be/ix0L91x_NNs ",2/14/2018,2194,1,0.00%,0,0,0,0,0,0,0,0,0,1,1,0,0,0,0,N
https://twitter.com/UFHSCL/status/964214664824532994,Not sure where to start? Check out @UF_IFAS's guide to plants and gardening here: http://sfyl.ifas.ufl.edu/lawn-and-garden/plants-and-grasses/ …. https://twitter.com/alachualibrary/status/964210942845308928 …,2/15/2018,761,6,0.80%,2,0,1,2,1,0,0,0,0,0,0,0,0,0,0,N
https://twitter.com/UFHSCL/status/964493818967003136,"As we gather with our family elders this #ChineseNewYear , let us learn about ancient health traditions like tai chi and acupuncture, and how they can complement Western Medicine. #YearOfDog #LunarNewYear https://nccih.nih.gov/health/whatiscam/chinesemed.htm … @NIH_NCCIH",2/16/2018,437,2,0.50%,1,0,1,0,0,0,0,0,0,0,0,0,0,0,0,N
https://twitter.com/UFHSCL/status/965256733986836480,I'm sure our friends at @UFMedicine would love to know about this great free resource for students and faculty alike! https://twitter.com/genomicsedu/status/965254668023746566 …,2/18/2018,1593,7,0.40%,3,0,3,1,0,0,0,0,0,0,0,0,0,0,0,N
https://twitter.com/UFHSCL/status/966062795044290561,"And if you're down by the Health Science Center, the HSC Library is your polling location! C2-41C is open today and tomorrow from 8:30am-8:30pm. @ufstudentgov https://twitter.com/MSL_UF/status/966003081770127360 …",2/20/2018,251,1,0.40%,0,0,1,0,0,0,0,0,0,0,0,0,0,0,0,N
https://twitter.com/UFHSCL/status/966702363145842693,.@MSL_UF check out some future users of your Made@UF space! https://twitter.com/alachualibrary/status/966405533107355650 …,2/22/2018,393,4,1.00%,0,0,4,0,0,0,0,0,0,0,0,0,0,0,0,N
https://twitter.com/UFHSCL/status/967026255785857026,"On National Banana Bread Day, enjoy this heart-healthy banana bread recipe from @nih_nhlbi, and be sure to check out their other recipes as we celebrate #HeartMonth! https://goo.gl/xTUFVN  (Photo Credit: Flickr user Leigh_A Murrell) pic.twitter.com/fNLEr7oY75",2/23/2018,328,2,0.60%,0,0,1,0,0,0,0,0,0,0,1,0,0,0,0,N
https://twitter.com/UFHSCL/status/968840711427665922,"Join us for the next Dollies without Borders doll making session on the HSC Library 2nd floor, room C2-41A, this coming Saturday, March 3, from 10am-2pm. Help make dolls for children living in the developing world! #GlobalHealth #MedicalMissions @UFGMT pic.twitter.com/is2yj1Majd",2/28/2018,870,9,1.00%,1,0,2,0,0,0,4,0,0,0,2,0,0,0,0,N
https://twitter.com/UFHSCL/status/968868517444505605,"Here are the updated HSC Library hours for Spring Break: Saturday, March 3rd - CLOSED Sunday, March 4th - CLOSED Monday, March 5th – Friday, March 9th - 7:30am-7pm Saturday, March 10th - CLOSED Sunday, March 11th - 1pm-11:30pm pic.twitter.com/hl8gWW6go8",2/28/2018,391,4,1.00%,0,0,4,0,0,0,0,0,0,37,0,0,0,0,0,N
https://twitter.com/UFHSCL/status/969625907005677568,Wayne Dell will be bringing these dollies with him on a medical service trip with other @UFMedicine & @UFPharmacy students and clinicians as part of Project HEAL. Join us tomorrow in making more dollies to share with children in need! pic.twitter.com/pmTIeN4Wis,3/2/2018,1140,21,1.80%,1,0,3,3,0,0,4,0,0,0,10,0,0,0,0,N
https://twitter.com/UFHSCL/status/970659194041856000,"#SpringBreak can be tough for addicts in recovery. If you're a @UF student dreading the week ahead, check out this digital comic about sobriety by Daniel Maurer: http://uf.catalog.fcla.edu/permalink.jsp?20UF035037128 …. pic.twitter.com/7L93qy39Qs",3/5/2018,319,6,1.90%,0,0,3,0,0,0,1,0,0,0,2,0,0,0,0,N
https://twitter.com/UFHSCL/status/971374658019844101,Stuck on campus during #SpringBreak? Take a mini-vacay here in the library - come to our free meditation sessions today at 12:15! pic.twitter.com/fAAavNTZQY,3/7/2018,264,1,0.40%,0,0,1,0,0,0,0,0,0,0,0,0,0,0,0,N
https://twitter.com/UFHSCL/status/971795571022422016,"Looking to dive in to the world of health apps, like @UFHealth has? Check out our Mobile Resources for Health Guide: http://guides.uflib.ufl.edu/mobilehealth . https://twitter.com/UFMedicine/status/971475646391177217 …",3/8/2018,642,2,0.30%,1,0,1,0,0,0,0,0,0,0,0,0,0,0,0,N
https://twitter.com/UFHSCL/status/972184997439385601,Don't be late to class Monday! Set your clocks forward this weekend for #DaylightSavings #SpringForward. Remember to change your smoke detector batteries & check your emergency supplies too! Here's a handy PDF from @PublicHealth with a list: https://goo.gl/toxnfy  #ClocksStocks pic.twitter.com/MN86y9e5Zj,3/9/2018,1290,15,1.20%,1,0,2,1,0,2,0,0,0,0,9,0,0,0,0,N
https://twitter.com/UFHSCL/status/973223591146749952,Feeling Sleepy? You're in luck! Today's #NationalNappingDay! Take advantage of one of our pods on the 2nd floor. #NeedANap pic.twitter.com/bA6SaAAMp4,3/12/2018,441,46,10.40%,0,0,3,6,1,0,4,0,0,0,32,0,0,0,0,N
https://twitter.com/UFHSCL/status/975096939036512256,"The HSC Library wishes you a happy St. Patrick's Day! This image is of a St. Patrick’s Day parade (year unknown) from Captiva Memorial Library Collection, available in the UF Digital Collections at http://ufdc.ufl.edu/SW30000760/00001 …. pic.twitter.com/fSSmOG38Zk",3/17/2018,265,1,0.40%,0,0,1,0,0,0,0,0,0,0,0,0,0,0,0,N
https://twitter.com/UFHSCL/status/976095236027043840,We love our Florida nurses! Thanks for unearthing this hidden treasure. @UFNursing https://twitter.com/UFNDNP/status/976082178965757953 …,3/20/2018,399,3,0.80%,0,0,3,0,0,0,0,0,0,0,0,0,0,0,0,N
https://twitter.com/UFHSCL/status/977158017421426688,"Want less stress? Lower blood pressure? Better heart health? Pet a dog! Better yet, find your furry best friend at your local shelter-Adopt, don’t shop! #NationalPuppyDay pic.twitter.com/11RAq4vARQ",3/23/2018,801,7,90.00%,1,0,3,0,0,0,0,0,0,0,3,0,0,0,0,N
https://twitter.com/UFHSCL/status/978966935932039168,"Happy #ManateeAppreciationDay! Library staff member Bob shows his appreciation by 3D printing this manatee skull. Check out our other 3D printed models at the Information Desk, or submit a request of your own here: https://3dprint.uflib.ufl.edu/ ! @UFVetMed @UF_IFAS pic.twitter.com/LyndbA2yfv",3/28/2018,1030,19,1.80%,2,0,5,0,1,2,5,0,0,0,4,0,0,0,0,N
https://twitter.com/UFHSCL/status/979033876831047681,"We're hosting a meet and greet to celebrate #GSAW, with a panel discussion about careers in academic libraries after graduate training, and of course, free food. Next Wednesday, 4/4, at 10:45am in Communicore CG68. Details & RSVP here: https://www.facebook.com/events/355530701618977/ … pic.twitter.com/tENRI5Uep3",3/28/2018,512,7,1.40%,1,0,3,0,1,0,1,0,0,0,1,0,0,0,0,N
https://twitter.com/UFHSCL/status/979760237128437760,To all our hardworking doctors (and doctors to be!) - thank you. Happy National Doctor's Day! pic.twitter.com/uDKzPXoFBb,3/30/2018,352,6,1.70%,0,0,2,0,0,0,1,0,0,0,3,0,0,0,0,N
https://twitter.com/UFHSCL/status/980785669894234113,It's National Public Health Week! Did you know that @UFHealth has an amazing interactive dashboard of community health data for researchers and clinicians working to improve the health of Gainesville and beyond? Check it out here: https://ufhealth.org/community-health …. #NPHW pic.twitter.com/TvV1mNQzDK,4/2/2018,381,2,0.50%,0,0,1,0,0,0,0,0,0,0,1,0,0,0,0,N
https://twitter.com/UFHSCL/status/981504657146101761,"DYK Public Health isn't just for humans? It supports the health of the entire community, including animals & the environment! @OneHealthUF facilitates interdisciplinary research on the connections between all of us. http://epi.ufl.edu/onehealth/  #NPHW",4/4/2018,310,1,0.30%,0,0,1,0,0,0,0,0,0,0,0,0,0,0,0,N
https://twitter.com/UFHSCL/status/982240003961929728,"To help improve the health of our community, it's important to understand its challenges. @BEBR_UF published a report in January examining challenges faced by POC here in Alachua County - check it out! https://www.bebr.ufl.edu/economics/racial-inequity … #NPHW",4/6/2018,320,0,0.00%,0,0,0,0,0,0,0,0,0,0,0,0,0,0,0,N
https://twitter.com/UFHSCL/status/983323643928170496,Our liaison librarians are subject specialists & work w/specific colleges & programs. Your liaison librarian is the 1st person to call when you need help finding or managing info. Contact your librarian today! https://goo.gl/LSGZpU  #NationalLibraryWeek #MeetTheLibraryMonday pic.twitter.com/2UnI9PF90H,4/9/2018,1030,14,1.40%,2,0,6,0,2,0,0,0,0,0,4,0,0,0,0,N
https://twitter.com/UFHSCL/status/984046657921675267,"This #wellnesswednesday, come check out our Consumer Health / Graphic Medicine collection. We have our stress relief coloring kit available too, to help you color away your blues. :) pic.twitter.com/q4cXJ2uaFx",4/11/2018,834,14,1.70%,1,0,4,0,3,0,2,0,0,0,4,0,0,0,0,N
https://twitter.com/UFHSCL/status/984161325755588608,Our friends at @UFHealth will find these new fact sheets helpful during fit testing season! #RespiratoryProtection #NPPTL https://twitter.com/NIOSH/status/983391776915578880 …,4/11/2018,483,1,0.20%,0,0,1,0,0,0,0,0,0,0,0,0,0,0,0,N
https://twitter.com/UFHSCL/status/984833361729523712,"During #NationalLibraryWeek we just HAVE to give a shout out to one of our favorite libraries, the National Library of Medicine (@nlm_news)! Here's a great video showing some of the amazing things they do to support health care and research: pic.twitter.com/5b1R7GIgCQ",4/13/2018,441,8,1.80%,0,0,3,0,0,0,2,0,0,21,3,0,0,0,0,N
https://twitter.com/UFHSCL/status/984894310096297985,"Our #UFStory often involves delicate tasks, like library staff member Bob removing a freshly 3D-printed lab equipment part from our new LULZBOT Taz 3D printer. @uflib pic.twitter.com/4FcT4pITwZ",4/13/2018,1790,44,2.50%,2,0,6,1,4,1,3,0,0,0,27,0,0,0,0,N
https://twitter.com/UFHSCL/status/986634203809964033,Finals are Coming. Take a moment to check out how to manage stress on the @UFCWC website: https://counseling.ufl.edu/chronically-stressed-help-4-steps/ … #UFFinals #UFLibraries pic.twitter.com/C4ESSFlYTK,4/18/2018,413,2,0.50%,0,0,2,0,0,0,0,0,0,0,0,0,0,0,0,N
https://twitter.com/UFHSCL/status/986639970634010624,Check out these amazing artistic #DataVisualizations on global health topics and vote for your favorites! @OneHealthUF @UFHealth https://twitter.com/JocelynWidmer/status/986406810893586432 ,4/18/2018,833,9,1.10%,1,0,2,1,0,0,5,0,0,0,0,0,0,0,0,N
https://twitter.com/UFHSCL/status/987314187742470144,"What do the ABCs, canned soup, and the 3 musketeers have in common? They are all mnemonics used to help memorize clinical anatomy! One artist decided to illustrate those mnemonics here: http://love-art-science-medicine.com/16-anatomic-mnemonics …. #FinalsPrep pic.twitter.com/gutkF6LwjZ",4/20/2018,463,9,1.90%,1,0,2,1,1,0,0,0,0,0,4,0,0,0,0,N
https://twitter.com/UFHSCL/status/988444180568596480,"Just a reminder! Beau the Therapy Dog will be here THIS AFTERNOON! From 1-2pm, on the first floor of the HSC Library. #KeepCalmAndPetAPup #UFFinals #Breathe pic.twitter.com/QuMTVoUVox",4/23/2018,1279,34,2.70%,2,1,3,1,0,0,2,0,0,0,25,0,0,0,0,N
https://twitter.com/UFHSCL/status/988470470453362689,"Beau is well-loved by our health science students, staff, and faculty. Drop by before 2pm to join the party! #UFFinals #KeepCalmAndPetAPup pic.twitter.com/K9BWnKf0Wz",4/23/2018,462,9,1.90%,0,0,1,0,3,0,0,0,0,0,5,0,0,0,0,N
https://twitter.com/UFHSCL/status/988899267422060545,Find your inner purr at a special session of guided meditation this THURSDAY from 12-12:45pm in the HSC Library. Meet on the 2nd floor in room C2-41C to take some time and de-stress during finals. #UFFinals #Purrfect pic.twitter.com/XNgtC1jcjs,4/24/2018,859,15,1.70%,1,0,4,0,0,0,0,0,0,0,10,0,0,0,0,N
https://twitter.com/UFHSCL/status/989190047978082304,"As you prepare for finals, take advantage of our extended hours, starting this Friday! #FinalsWeek pic.twitter.com/kxoIGmLBpP",4/25/2018,1082,18,1.70%,2,0,1,0,2,0,1,0,0,0,12,0,0,0,0,N
https://twitter.com/UFHSCL/status/989848134871322624,No time for Leg Day during #UFFinals? We've got you. Come check out our test desk-ercisers and let us know what you think! pic.twitter.com/b7KdXmfvre,4/27/2018,821,11,1.30%,1,0,3,0,1,0,1,0,0,0,5,0,0,0,0,N
